record_id,entity_label,behavior_score
1,9,60.93934793993101
2,2,49.10056116031533
3,5,53.46650278026562
4,2,45.38821235861831
5,8,43.87036209330196
6,2,66.07289430047983
7,1,40.27344137050291
8,8,36.987135298816916
9,7,69.42686011991387
10,7,45.87137035058004
11,1,62.50029612434761
12,5,61.60437151706189
13,4,55.899220270557926
14,1,50.56446452273926
15,4,53.90171892876378
16,3,38.57948571342913
17,8,70.84436333263096
18,0,55.839715008780146
19,5,25.546436385414744
20,6,39.965783156640484
21,5,61.30235529327015
22,4,75.04136386555533
23,3,57.481545253549285
24,4,52.56646960779179
25,8,68.60459078271438
26,4,46.33642943982612
27,9,54.632413212164465
28,7,48.716362628414345
29,6,26.32742454944605
30,3,74.8635710803252
31,9,54.87496118060427
32,4,44.3667691869415
33,6,51.18975465626012
34,5,50.3458360933105
35,2,45.17018620462685
36,9,54.71897828569101
37,2,56.190285428680454
38,1,44.110704821864395
39,2,37.229500402943174
40,9,37.10642488935622
41,0,46.88173665580592
42,8,58.88774226102454
43,1,56.775053968148725
44,2,59.70250457527663
45,4,44.01707311031879
46,9,46.9118362855875
47,3,27.65493024689028
48,4,42.15367147858249
49,5,45.799155347488345
50,4,37.00363599020333
51,9,44.2371538771251
52,0,62.401129117324814
53,5,63.53653272423205
54,8,42.52320885760803
55,2,44.65131852976709
56,1,51.923100199095686
57,5,27.270079892659577
58,2,53.60209244097754
59,3,44.185480699942495
60,5,67.22840408490795
61,5,40.1627421131336
62,1,54.518729273809896
63,2,58.22772820456946
64,8,71.42343855479551
65,1,58.30354641256705
66,2,50.841654542210556
67,8,46.24207581695905
68,3,48.35035478869807
69,0,56.86826022469146
70,1,40.09351164373473
71,2,58.63571870748776
72,8,58.15326627818212
73,8,35.14083596683775
74,5,28.872724255576927
75,5,42.54609335357837
76,2,16.771242594778926
77,4,59.274313648621266
78,3,51.31614344670042
79,9,67.869314034717
80,9,63.65683238470153
81,8,38.081644359795305
82,8,58.32862051060018
83,0,55.15112436256852
84,7,62.46904389356713
85,8,56.1450269202948
86,4,44.76895620911443
87,3,71.77971883547549
88,9,60.29363830288991
89,3,56.28026406566621
90,1,57.01247405282255
91,8,67.25118426774439
92,4,68.2693722210371
93,2,54.12309236129017
94,5,52.23883338400229
95,8,49.478993967778486
96,8,53.97046393144236
97,4,50.52551511850475
98,7,55.62557541557182
99,3,38.28954174405996
100,4,52.20904048780617
101,6,62.93862114271243
102,6,47.3735304734465
103,6,30.712353839551437
104,7,26.445876037358612
105,4,47.4689536616489
106,0,43.2523492290063
107,8,41.382979085326824
108,8,44.312598305754335
109,6,39.83503203041323
110,5,36.84523332046174
111,4,34.43415410720355
112,4,45.8179267498668
113,2,67.15409675921472
114,9,50.363822566674976
115,0,54.80817988581228
116,5,45.35463099559428
117,7,43.35809478944617
118,1,50.52113130158262
119,7,42.37947980805325
120,7,53.09043602376825
121,9,57.61879041816037
122,7,57.03272222325323
123,9,56.17755742131572
124,2,40.47467490309522
125,9,23.627216604566815
126,7,66.4794956645859
127,3,45.52781590518606
128,2,57.828038978435906
129,8,66.55979904697273
130,7,56.482970339781204
131,9,68.61411673085355
132,1,49.968609645170574
133,7,60.87447141796854
134,2,68.65467348540432
135,9,45.7478367340537
136,5,53.861741866054956
137,4,51.67406904054158
138,7,70.58541646240012
139,8,61.49890174807744
140,6,49.12568223887661
141,5,27.34962107426847
142,5,55.92461379908323
143,0,58.912424753805794
144,4,77.52771359056044
145,7,45.01464374842383
146,5,42.30953324524758
147,0,40.108021849045855
148,4,53.82104322407587
149,4,55.72379644343949
150,2,58.04288400933707
151,7,57.51410579944222
152,8,34.599499053007655
153,5,53.79267315783601
154,5,63.617269513070504
155,1,66.91478745843074
156,9,47.20070428389149
157,1,51.79655110091056
158,5,34.35538569836538
159,7,55.64738750526176
160,1,45.90740082447595
161,8,43.03819680759915
162,8,44.62469426457731
163,3,57.92984491331888
164,3,52.49026728809781
165,3,38.71775010559854
166,4,37.65402293102507
167,7,45.07104668006737
168,1,76.68031303298143
169,4,55.90088710103578
170,1,45.44304005913214
171,7,47.21891318720501
172,0,51.914768002687026
173,6,50.89618937798114
174,2,54.0184211666325
175,3,39.819289402752595
176,7,35.1191444443864
177,2,60.88536298558781
178,6,55.41050147780076
179,0,43.100861987078616
180,8,42.57409370253567
181,5,53.53167440040162
182,2,69.1905674634246
183,6,43.19210433725577
184,4,69.55126201959104
185,7,74.81443893568961
186,7,55.06725969445052
187,8,62.72274256222109
188,5,66.70036350836845
189,3,66.4475327033172
190,1,75.91375784547797
191,2,37.61027749771043
192,4,51.942621646624346
193,7,50.5341879830724
194,9,47.8651601255939
195,1,36.498124793105035
196,4,65.34898478801844
197,8,57.74745893225056
198,1,52.16184123909142
199,7,58.86771752747643
200,2,55.05514304335085
201,7,23.610445848246897
202,3,40.88080919579584
203,3,39.4058777966664
204,6,49.64790626962357
205,4,29.492094528078304
206,3,54.99381092239394
207,6,39.64083195600541
208,2,56.946996281639784
209,8,51.015197302898855
210,4,49.62480760971004
211,2,54.181076391820916
212,1,60.933348843276455
213,6,63.087734527752936
214,6,48.13131016379837
215,4,46.797551096857944
216,3,47.09037413681773
217,1,43.772503141656955
218,1,50.79960219217652
219,6,47.26830279166531
220,9,65.7058307974055
221,6,36.50724576026545
222,3,68.52364512262797
223,3,19.695190692094332
224,3,52.043881489253074
225,1,35.00245103507633
226,8,55.091929691630625
227,0,38.3484696246066
228,7,54.77968426321128
229,5,55.78526509023259
230,9,45.25948552092308
231,6,64.07688961188373
232,4,39.746286080218646
233,5,56.07060758395581
234,5,60.335610814618036
235,8,66.49734535314194
236,9,71.28030306971674
237,3,26.84747337354969
238,4,42.77633059650031
239,3,60.96988514047554
240,0,61.25991663809005
241,9,51.367914216134345
242,5,24.710647222676187
243,4,58.53860362580209
244,3,45.04386790187389
245,5,35.19511194673446
246,4,30.44297616655229
247,2,50.65530594786084
248,1,48.336513385258414
249,5,59.214069516612646
250,3,59.457306964577924
251,9,33.96596424202535
252,2,45.932768807714645
253,7,54.470001839006954
254,8,43.00262201273243
255,6,45.15888310464189
256,1,67.44513698371753
257,7,64.6452112460099
258,4,57.376305297329196
259,9,56.93139971481599
260,6,24.506501098519795
261,4,69.61140728893142
262,1,56.14871605525249
263,3,47.587813401762865
264,4,47.91673394263458
265,5,69.55186918593714
266,4,55.15661997876696
267,9,68.73987237717246
268,0,68.10143146182703
269,0,51.75110574603288
270,2,63.533250911803464
271,8,41.67953244898712
272,1,77.76938433571505
273,9,52.26483570367263
274,4,59.22877231405587
275,8,49.40247644642141
276,6,56.01659176313524
277,7,39.3624433697618
278,1,51.89479887170635
279,4,56.32958231541867
280,8,17.516619224416182
281,0,38.52334318304149
282,0,42.40715367882107
283,9,56.46583913146552
284,7,40.268919681704325
285,1,35.98852008198024
286,8,49.770480350929205
287,9,43.27437244136097
288,8,34.897789221077936
289,3,41.94393935532006
290,1,32.869000219301284
291,2,45.034404585707215
292,9,38.876445727302446
293,0,29.320454260181787
294,2,24.46872238258069
295,4,58.35379469137657
296,2,45.62001619376801
297,2,66.01183727937789
298,9,39.09830255035096
299,5,41.10583829366528
300,2,64.98593342402617
301,2,50.24067926935917
302,8,53.74471798341373
303,1,54.64288944752316
304,0,31.4040079034038
305,9,49.458842656780114
306,7,61.667633801101964
307,2,55.2758203638957
308,6,67.96082879954355
309,1,49.934793556373556
310,7,58.00130135110629
311,8,33.45898587008825
312,7,56.53737186579656
313,7,40.131907580168075
314,7,44.519826881868354
315,6,66.82117312278851
316,1,42.59853132448294
317,7,62.116107222259885
318,4,48.672642230673716
319,5,66.43337826486618
320,3,64.35391203990905
321,0,51.629929150313814
322,4,49.891096960776565
323,2,56.691858051395016
324,8,46.18365783265628
325,3,39.606627558121346
326,9,46.840121440264326
327,1,52.550708547123904
328,3,56.7370525876177
329,2,38.80274504577222
330,2,46.05895917457652
331,4,46.429964821480105
332,0,44.22254265050229
333,4,40.157354287880906
334,7,57.8695868121558
335,9,56.81000391894672
336,8,37.579178556784456
337,0,37.16306715416782
338,1,54.57120885556791
339,1,59.97050735015763
340,5,50.57783491541855
341,0,61.628526556525884
342,0,54.87742666246454
343,1,43.21893752017282
344,3,48.41976640141336
345,1,48.96982964828017
346,3,63.30928790074738
347,2,48.966247072687544
348,2,14.415933280824863
349,8,48.51657308197727
350,7,31.250153888742883
351,9,62.47446302242725
352,8,63.94896812455644
353,0,39.41210181880969
354,4,40.591880801107735
355,3,38.74547792415461
356,8,51.73668445240831
357,2,32.256837420217686
358,4,42.14206222370758
359,7,47.847873341952216
360,9,65.45686344617451
361,4,60.21303111560478
362,8,68.78820289616883
363,1,50.17713945491361
364,5,68.69224891938482
365,4,51.36304438615965
366,8,42.85314219455323
367,6,39.77522013296466
368,7,47.46752193609014
369,6,52.52161807628496
370,9,64.19750317159202
371,9,77.38753614917792
372,4,48.00201667027008
373,4,66.64641332684663
374,3,64.28327387865863
375,1,38.02697635279801
376,8,59.34609545098842
377,9,55.49134500301693
378,9,61.09381096837202
379,9,56.046324549827396
380,9,41.5824739679358
381,2,32.58266302590224
382,2,41.270020328585446
383,2,42.880091820950916
384,7,64.59672025814261
385,5,54.01929852693409
386,0,46.786262262762946
387,2,50.93007885327181
388,3,74.91483122112572
389,1,52.163779693380675
390,5,50.450044586596476
391,9,52.758641440340334
392,0,52.31939821054259
393,0,42.79676203268451
394,7,39.516631411360976
395,3,49.017897360184634
396,0,72.13777771900817
397,6,40.08757251736592
398,8,63.136279623261224
399,9,53.8943120541711
400,6,39.536293992830025
401,0,54.54102825885386
402,0,50.11673298626461
403,0,25.627137343395606
404,7,64.47587991868421
405,6,51.66603815661009
406,2,30.85517939591736
407,2,57.64494755027595
408,2,52.15950502835752
409,1,53.957072558192834
410,3,37.60121972725079
411,6,41.45200501589106
412,8,54.14544966564606
413,2,25.875991965459118
414,9,30.81426118335755
415,6,21.821983686701753
416,3,27.69521396397411
417,0,40.69469442663727
418,4,31.91849251169839
419,7,42.296501070301474
420,2,68.32479329305872
421,9,46.000294223853295
422,3,38.714217775058415
423,2,40.861456003388795
424,9,57.32047590120052
425,7,68.2104436512054
426,9,41.60776482706958
427,7,55.12341920920045
428,3,52.95573901192919
429,1,52.107954041450974
430,2,48.16434958718545
431,2,37.61168161772983
432,3,70.08154099693779
433,1,42.316496017409676
434,1,61.34956677830624
435,2,59.96431576731992
436,0,54.61986299714451
437,7,51.46109947898226
438,5,31.72479076141202
439,2,53.98940964611102
440,0,40.44152017656607
441,2,45.38239667099074
442,0,49.35475079663989
443,2,50.813168054964244
444,3,46.29190899253942
445,5,49.84482083431348
446,6,71.09444228087972
447,6,58.88514644023374
448,8,42.37520085414428
449,7,44.532250811265186
450,3,40.76799575911498
451,5,47.018433539670994
452,0,59.83755813192522
453,7,48.395210197625055
454,5,61.093789596524154
455,1,40.20068587645298
456,7,23.433426943796388
457,3,51.92458354126571
458,8,53.79145267572289
459,3,50.39900988392988
460,0,52.842171050725575
461,6,54.40847094682953
462,9,55.907727574576974
463,4,85.58933099142541
464,9,53.78095619835312
465,4,52.433981487085056
466,3,31.903504213338756
467,5,36.615771885425836
468,0,27.93460537643489
469,2,51.12869588765954
470,6,44.26356284971665
471,7,52.84253109603226
472,8,18.882403234374635
473,0,54.873816163201795
474,3,45.24565227480743
475,1,61.55863177785048
476,1,53.66542031363577
477,0,61.17448453492288
478,4,64.96733194768015
479,1,55.24473753654869
480,3,17.329446666838653
481,8,46.710557098193235
482,2,40.83624815547675
483,7,43.51051065391388
484,9,68.13268819736767
485,5,42.42352705141665
486,9,36.026707462871286
487,4,47.487819413554355
488,1,49.92180844512546
489,2,50.6310395509305
490,7,41.428778832401875
491,8,32.3554128068166
492,6,54.28831969458921
493,0,43.22020258922357
494,5,39.56404778631219
495,6,39.42385360676982
496,5,52.487607223976305
497,9,51.730300879146995
498,1,73.84624524203608
499,8,78.98715328162957
500,2,56.5582178577661
501,5,45.65238965776694
502,5,31.414921769705423
503,7,44.33957866353679
504,3,27.255216274597405
505,5,55.361835193811174
506,0,32.2977731615763
507,8,48.27857340980309
508,8,53.088667222094884
509,6,72.20082550972607
510,0,46.59175658856502
511,2,42.695542914494176
512,4,49.65743213236941
513,3,39.17816592698306
514,4,47.29804358646823
515,6,40.58661844221278
516,8,23.44856073497567
517,0,41.71570024960658
518,4,37.81560696999951
519,2,63.12368403756009
520,2,49.279197278118716
521,1,59.97376056959557
522,5,32.21320632607429
523,5,38.82652398622994
524,2,60.37159012882246
525,0,49.44683482758535
526,6,37.047970685416615
527,1,69.97632170648797
528,7,52.38199908171638
529,2,58.05118091780681
530,0,67.04183292574251
531,9,30.912730842065645
532,8,77.81742196707206
533,4,34.44816427798096
534,0,46.63108847287511
535,9,37.66293286706713
536,5,39.158015001790574
537,9,59.233480719964604
538,2,31.477137763392477
539,3,69.70662268833505
540,7,33.1910187901264
541,4,38.54048705965042
542,5,25.384575158589517
543,9,54.905006144015
544,3,32.43375613703539
545,5,51.12884070122372
546,2,60.44854700702786
547,9,67.4541772226087
548,0,43.735534816014436
549,5,51.72323628476497
550,0,56.203162035870925
551,9,57.992225799537366
552,2,40.650986203179514
553,7,84.3374062439527
554,6,45.607111984399616
555,7,63.98105601958882
556,9,62.79644870638684
557,9,56.24517036916337
558,1,31.84521850413956
559,9,48.19734658649413
560,6,50.97685482161123
561,3,70.1522144374276
562,0,37.77611420360984
563,2,49.582095821281484
564,4,66.09783733682508
565,9,54.09850398396424
566,7,60.029217114489775
567,1,49.78849631653669
568,1,47.61061867495655
569,7,30.934024507465967
570,8,32.5046391565483
571,9,48.72003817194255
572,0,54.288567902323294
573,1,55.05339855822604
574,3,61.960759920945065
575,2,23.817001906437127
576,0,57.80113317332053
577,3,49.64755708584181
578,1,50.71571117335979
579,9,59.96294361044659
580,4,36.78939873603602
581,0,46.27933664450337
582,7,39.16913439729786
583,9,44.12891955512588
584,1,48.22447504809691
585,2,42.13534171572129
586,2,46.48923247756113
587,3,58.504731418885946
588,6,54.51460300427588
589,8,40.52244746319247
590,2,35.48995037016755
591,0,55.972409463229035
592,9,59.997229290340215
593,0,48.92498596215631
594,5,55.63087156659784
595,4,45.4054432863511
596,9,44.95346652724717
597,6,28.604012722830234
598,6,30.599095461033844
599,2,27.95337235783903
600,6,71.08634431357311
601,8,41.94845710191395
602,7,57.30600515735985
603,2,62.174821380023296
604,9,51.00913009944009
605,4,54.13299560733565
606,7,51.26189954943078
607,1,29.926277158326524
608,6,76.69236272188277
609,9,54.352117660008446
610,9,50.4631487173348
611,6,28.960983559572366
612,7,44.22960920955976
613,0,48.878265465006024
614,7,34.63718058223689
615,0,66.28385381189153
616,2,63.49851889984506
617,8,66.59751539959366
618,3,48.32364214524807
619,9,65.47390573032878
620,8,57.64405632586364
621,0,42.61415764061336
622,7,34.49403365026297
623,2,34.3579187152853
624,6,51.79402769108671
625,1,41.047370138162314
626,6,47.838072249288516
627,6,41.960582417716914
628,8,63.62985467101326
629,1,62.18388896039383
630,7,43.23774193098444
631,4,46.934734951681605
632,9,50.778039318310334
633,8,45.22565163738727
634,7,46.43641161102699
635,2,25.73831751758399
636,2,35.20930070800805
637,9,56.654893764636874
638,7,40.04443275336331
639,8,65.46464895617379
640,1,52.31406642013262
641,2,50.10657424185182
642,7,41.4254636144442
643,1,33.54828647824079
644,7,43.175969103436394
645,4,51.60504031346154
646,5,65.92949848062693
647,9,58.80095798581675
648,3,55.33051355647692
649,2,43.702971522507134
650,7,48.523543705212234
651,8,33.17867918741784
652,7,55.16936663287074
653,8,66.35952596566533
654,0,48.33288580846587
655,4,53.42891179810053
656,6,33.835479445137075
657,7,47.646299653528736
658,1,57.82466963641767
659,3,34.6177032968751
660,6,67.70409691142927
661,4,69.22060936876731
662,0,74.55891564009454
663,1,52.66485156779813
664,4,58.219675259765225
665,5,26.07594490230299
666,0,59.30054824387688
667,2,51.2185879886273
668,5,65.60249910921395
669,5,54.83191019062751
670,6,44.054378746669045
671,9,53.611736523071365
672,2,50.881251671639006
673,0,52.37396596100218
674,6,26.971214430089645
675,2,63.77790762302984
676,4,49.10557076854274
677,3,22.994631398610686
678,0,51.3843461659622
679,6,69.09793480246516
680,3,55.42922571516594
681,0,60.27539178211504
682,5,67.57316225539971
683,3,33.57946727959453
684,3,59.9458131427201
685,1,51.263751338381184
686,0,43.99283012647579
687,2,36.53933704625831
688,9,71.69202294958606
689,4,46.28925846511394
690,8,32.957120548645676
691,6,66.5054631682718
692,3,41.1783427523344
693,7,69.42895370468064
694,3,32.765561466485046
695,5,55.38873469528974
696,0,41.0255089026562
697,5,49.810785765668754
698,9,47.06471992386536
699,4,48.56605559261438
700,1,69.48336920915307
701,0,50.69556598131002
702,5,55.439983220253964
703,1,48.63539436854052
704,8,50.16660054790215
705,8,55.3326654024067
706,0,49.344947067981735
707,4,53.735592677286725
708,7,43.722529342018106
709,3,44.83968844783832
710,2,53.416408886652725
711,4,50.662996125697205
712,4,60.39019156042279
713,7,39.8472112753731
714,5,44.69159402492374
715,1,71.54421222402165
716,0,35.578181380027026
717,2,50.26680227655039
718,1,43.72125401152251
719,3,46.42602894642698
720,2,59.623203567486385
721,8,57.9966029899648
722,4,72.98624813364071
723,3,51.68112782815171
724,9,31.86648659935653
725,8,63.64795937808684
726,3,57.68359459992766
727,5,41.97938675353082
728,9,49.248569882204855
729,0,32.240429432290945
730,1,62.47682388615181
731,3,56.06827546948841
732,8,48.48096524033894
733,5,51.504530581208726
734,5,39.4376734041149
735,8,41.69802434427608
736,3,43.82521043333299
737,2,36.01125210743521
738,6,39.24148438481294
739,6,45.85483210515376
740,8,26.66363633160692
741,5,57.24190739256335
742,1,45.7561443739927
743,5,43.07506645504377
744,7,41.63976426745579
745,5,32.449414021376484
746,8,77.36785738154492
747,3,58.37202249159531
748,2,53.86473356891904
749,4,45.73841475404778
750,2,54.96362358560955
751,1,59.15161387335374
752,1,40.60559451384002
753,3,48.870455516799744
754,2,37.32503570862782
755,8,55.17588199213472
756,6,34.930505719097546
757,5,29.46049070413465
758,9,50.239339091285274
759,7,41.20265497336069
760,8,59.5234817868759
761,2,42.72169315548146
762,9,43.17370278031027
763,6,67.76401420937418
764,8,40.37283423326004
765,0,42.59417903089414
766,9,55.94600450628629
767,8,55.458583444641484
768,6,55.65973311856928
769,9,71.94805318394442
770,3,61.129399933131545
771,5,51.36101254449057
772,5,60.69669077226148
773,5,52.15056751387257
774,1,61.02617109236322
775,4,32.667959708459065
776,6,41.853077949241296
777,5,58.564124058636224
778,2,58.428455457151315
779,4,64.62324252051847
780,7,30.52750627343444
781,4,55.330648939462876
782,9,45.37378404440955
783,2,64.15864009313329
784,8,39.85990717450831
785,2,54.71263841098954
786,1,55.33743064010109
787,5,38.18359105348242
788,7,50.15173496529602
789,5,49.9041707892867
790,0,68.17520982790973
791,7,58.067830279088525
792,0,72.18032361696726
793,8,59.066848690638174
794,7,41.73485671557331
795,5,57.150094262373486
796,1,49.51970237040384
797,8,67.61284254215684
798,7,64.060738595317
799,3,38.294063291538436
800,1,57.73386326339755
801,5,16.323502910346974
802,0,73.93602878897174
803,6,47.8248023869991
804,0,59.41762784982946
805,5,44.4355335344538
806,4,51.250780456411036
807,9,23.72669304694204
808,2,69.82406631349286
809,5,43.78290333160046
810,3,64.894701585956
811,5,44.49466135244509
812,3,50.37715496613856
813,0,57.41755363820346
814,4,38.51566678539564
815,7,54.063857443462794
816,5,37.33584778998251
817,9,36.40147589587812
818,8,43.64941917724902
819,3,50.6018589997646
820,9,61.13681110871531
821,8,26.62490997742082
822,7,56.76608506957398
823,2,34.893427914320604
824,5,56.567408886863866
825,3,55.07728521052441
826,0,49.559235080129184
827,8,48.92786085764736
828,3,41.385217121918956
829,4,34.260319303923694
830,2,42.94449810416647
831,3,59.847170494839744
832,8,66.43939232402833
833,6,57.39219476590981
834,7,68.7598364099704
835,2,52.28398230313561
836,2,43.41796101983269
837,6,34.67724589449531
838,7,45.14156131942273
839,4,44.780355164791466
840,0,45.648614959179206
841,2,44.105629766532864
842,4,46.183423790778626
843,2,54.07432679015758
844,0,26.35123331165041
845,6,55.21760399437493
846,0,50.06323748781577
847,9,29.22589785773539
848,5,56.46586594928685
849,5,42.987462582334665
850,6,51.14505208018901
851,0,48.14830813086845
852,2,55.31404142541484
853,8,40.637212746771965
854,1,64.10425499598367
855,4,45.46025447210805
856,2,50.66341305544094
857,4,72.94108374416588
858,6,36.205528132686055
859,0,65.39343560407787
860,2,63.135021555914385
861,5,54.308191556862276
862,6,45.39633941559618
863,9,38.56034286860099
864,2,62.76734722822387
865,3,67.24676848007704
866,5,40.20867548075175
867,4,45.682797152452885
868,8,53.51424580593388
869,0,50.87224264263489
870,4,39.46451370195107
871,0,66.32599967035323
872,7,68.67149369618998
873,6,65.49216424275922
874,4,37.85675717505032
875,5,46.31731825649994
876,3,52.62697381065743
877,8,45.21277113538599
878,2,52.160165961290936
879,1,52.06017318515356
880,6,62.60229977746958
881,1,53.98745606507583
882,5,48.694758151934955
883,7,46.68479627380268
884,2,49.33309396903181
885,2,57.080644880450635
886,2,44.77091724539189
887,0,34.48887981456447
888,8,35.282225335488725
889,4,47.13864643505798
890,8,53.16232630889641
891,4,53.872096087448405
892,6,44.523484080534466
893,0,53.98771433852881
894,8,49.562446822285835
895,0,55.02807723785595
896,3,54.86251896909048
897,6,73.0991208338574
898,8,51.34518278663124
899,0,50.06246504549884
900,5,48.49583071098529
901,9,67.01685493271793
902,4,65.31570077041897
903,2,37.58808627606016
904,9,53.78747052027065
905,1,53.75368537855061
906,0,62.58733627978932
907,1,56.662333875097936
908,3,48.268242536084955
909,5,53.993407621211034
910,4,43.71175936564807
911,3,45.07142886265432
912,7,60.58863272185738
913,6,31.420615872997775
914,3,44.12474630268945
915,9,75.2464989701911
916,4,46.02807525999137
917,9,43.002791453380354
918,4,51.339453400972936
919,2,47.1427060346753
920,8,36.76896123225881
921,4,32.84962742391964
922,9,61.072929471879334
923,1,65.55471124289166
924,3,56.489659409130354
925,3,59.482241602146416
926,4,50.655407873108906
927,7,50.4417899456898
928,4,55.41613297247411
929,0,38.81792541437208
930,1,50.90032135114014
931,2,49.69476857962468
932,2,51.214005098981865
933,9,30.911786725266282
934,5,27.786951243193176
935,8,28.101343753484993
936,9,47.476746998110855
937,0,34.144716354147
938,5,52.22842383703622
939,8,45.10299444546719
940,3,50.2249016682076
941,9,52.57117582055714
942,2,42.13823001523964
943,5,63.21981704750268
944,5,44.186570790944685
945,1,61.34037076881632
946,4,40.48755898856224
947,0,47.56270670774851
948,8,62.47517621190305
949,8,55.65613788149347
950,2,59.53083749388036
951,4,49.46145053465313
952,2,26.712921043310338
953,6,48.43635747985661
954,0,72.99368792368396
955,4,48.56820793617371
956,5,73.62102119125672
957,6,40.13480964447658
958,2,50.11071196042137
959,6,62.86725520351044
960,3,52.10471856028539
961,9,47.394290506897654
962,5,45.693963796910644
963,4,64.08837681341652
964,3,32.503253789542704
965,5,47.895865555721265
966,2,55.787305481130765
967,2,63.900845843252384
968,4,57.489500378271416
969,4,52.82271576737158
970,8,71.63527260478139
971,3,43.99632492714805
972,4,57.78067450094091
973,8,60.30405463789662
974,3,64.1719891795256
975,2,68.5899176792344
976,6,41.01173814194267
977,6,28.783934138201424
978,7,44.95582134126118
979,3,68.84774468229266
980,3,16.64492934744469
981,8,62.1633658622478
982,9,43.720438500834256
983,6,75.70257493160642
984,2,46.62556041697274
985,8,56.84907912592808
986,4,47.84173609747326
987,3,60.425946613733025
988,0,41.91421759266343
989,8,59.26937184809141
990,5,64.21894844530668
991,1,53.1318617648034
992,6,45.31833958620755
993,2,79.04185923409757
994,5,48.196851898551444
995,7,41.83366863551055
996,2,51.641627201942
997,4,65.17227636021768
998,5,33.33503766039242
999,0,48.50441357974461
1000,9,72.35212643992077
1001,6,35.07989484116315
1002,3,57.438721822268754
1003,9,53.73551773972811
1004,6,42.633458496376846
1005,6,50.77889097565419
1006,4,45.190712249165045
1007,7,79.65620658399969
1008,7,37.32424276685195
1009,4,65.98840936921378
1010,4,59.99908977627689
1011,6,31.560845169228124
1012,5,29.224106022401248
1013,3,56.20378826758138
1014,1,41.11227614052045
1015,7,46.04956428301665
1016,2,47.15955511983312
1017,1,72.47962923514474
1018,9,52.111253037505
1019,6,56.27529164282019
1020,9,37.0822823065265
1021,5,61.25413305009355
1022,7,30.919423024227726
1023,5,51.038431122304985
1024,6,44.06428010851508
1025,1,59.99521598439005
1026,9,67.50157022787327
1027,1,80.51696969770789
1028,5,26.094656203724455
1029,8,43.87678541706745
1030,2,45.72491576592824
1031,9,36.001908523680946
1032,7,60.2788867869832
1033,4,49.54337490113885
1034,5,36.735331704331365
1035,5,62.494642988890746
1036,9,49.28673555048873
1037,2,60.81633582786017
1038,4,48.76975182302261
1039,0,46.96165466428167
1040,1,25.49479474497383
1041,9,43.667012804202
1042,2,56.77295414676983
1043,3,52.24834870900279
1044,8,67.15459743523077
1045,0,66.32702107233128
1046,2,41.346150279584926
1047,2,52.37876577441519
1048,5,66.06813935631898
1049,4,63.47581666178365
1050,2,46.49696694284262
1051,3,68.61435381321536
1052,6,52.55973581671699
1053,2,47.02765658904113
1054,8,55.14709383160438
1055,7,37.35414717401944
1056,1,38.55516839222393
1057,4,73.68868688601151
1058,3,41.02005470197188
1059,4,35.18465434367102
1060,2,62.641747799489714
1061,9,41.74712197687165
1062,0,63.45803082531049
1063,7,47.33295013440894
1064,8,54.64021702709453
1065,7,32.947677179047766
1066,3,75.4311452256409
1067,1,47.946125824405776
1068,3,53.01250005743762
1069,8,51.1466246551877
1070,9,37.95410272135323
1071,8,34.42500205145193
1072,4,58.84245993027878
1073,4,32.89936006509615
1074,9,49.97462880282716
1075,2,56.7800021897037
1076,5,59.749790406550204
1077,6,38.390620138648714
1078,9,61.88467202399597
1079,8,61.56541354930902
1080,6,48.650958359284616
1081,2,71.0890381208064
1082,6,47.735039669418384
1083,0,81.26020817432246
1084,1,44.95835656121145
1085,3,49.54852811419288
1086,6,69.58093576632064
1087,8,28.788411728834877
1088,4,36.826602883894545
1089,7,54.157571885918465
1090,6,61.65792300123528
1091,4,48.06683198259774
1092,2,39.91131812880078
1093,2,46.07376868001826
1094,5,54.350543334301726
1095,9,64.12418794080446
1096,3,44.1144132198157
1097,2,59.05649650325918
1098,3,50.674216672781725
1099,2,37.20961880389703
1100,9,58.74663400527744
1101,5,64.09596185762074
1102,6,43.797750499958724
1103,3,42.13504154531136
1104,2,59.099122203486665
1105,2,62.558186476672695
1106,2,50.43541097222466
1107,8,23.43271762056943
1108,2,50.22165868890186
1109,2,60.10366344299028
1110,7,44.87277039795297
1111,3,43.9357739686041
1112,6,69.87747408622948
1113,2,40.72202505169573
1114,7,42.536002591310904
1115,2,46.26731693331903
1116,4,29.216425391359476
1117,0,55.49118255053117
1118,4,61.847071667141954
1119,5,59.19085389571362
1120,6,54.800325303270824
1121,1,41.3363551335772
1122,1,60.23144858441584
1123,8,58.38470831830488
1124,9,58.214586351042875
1125,0,50.2641245170302
1126,1,46.64754212479581
1127,1,42.8748455561977
1128,9,29.006569838850698
1129,6,46.21002907226366
1130,5,59.032603963654154
1131,8,35.415055656958955
1132,6,57.620899759407784
1133,2,49.55594588336087
1134,2,35.13292333926749
1135,0,59.90846325276048
1136,7,56.837634614806596
1137,0,63.78162423018333
1138,1,27.28307132997138
1139,6,52.92871831916871
1140,0,60.05852414735177
1141,3,52.8424936815445
1142,8,41.00988185475421
1143,7,39.36502667774828
1144,7,48.72002566118326
1145,2,46.3900621092048
1146,4,67.22107019162932
1147,3,45.76180249137722
1148,7,76.27400577999525
1149,6,53.56719645777087
1150,6,61.81409571702039
1151,9,55.19090663406981
1152,9,53.86332477455898
1153,6,63.66043849420716
1154,0,60.05165370473438
1155,6,54.20132482468472
1156,3,50.18488906599591
1157,2,69.51624467247615
1158,4,29.616922002464936
1159,1,45.26328292215019
1160,7,68.11647227384151
1161,8,38.1124886174631
1162,4,30.588620065774126
1163,2,36.723554197763704
1164,9,32.857402702429994
1165,6,51.58959767972665
1166,0,28.331819555929055
1167,9,30.578783014089623
1168,2,50.262385547923884
1169,8,32.49448089277635
1170,1,40.45452180414622
1171,8,38.94036434734214
1172,0,37.98801953551564
1173,3,54.661777431488055
1174,9,41.057801428035766
1175,5,29.41243781683663
1176,6,34.74302038974244
1177,2,56.16044058250321
1178,8,37.22948229917666
1179,3,47.885253458076924
1180,4,59.53462070286998
1181,7,54.32324762179373
1182,2,51.554678634342025
1183,7,44.276274645515514
1184,0,43.749130030871456
1185,7,35.11199862464305
1186,9,43.069381302412204
1187,7,50.81531087911796
1188,5,70.32647412976984
1189,4,63.743149635599124
1190,8,56.5853397325236
1191,5,45.9250223357265
1192,0,38.399296031794286
1193,5,45.12028682685262
1194,0,39.14804112923773
1195,5,58.501048146607374
1196,2,37.92753719028263
1197,5,63.35706676036204
1198,5,37.12897521118067
1199,0,44.39797377750691
1200,8,43.577014596873894
1201,7,51.468900871025525
1202,1,71.95429491800026
1203,1,48.96121153004076
1204,4,43.5835527586718
1205,9,55.551919149785334
1206,1,66.15344035812784
1207,0,49.79209813189427
1208,1,40.737319807215286
1209,4,32.498062794691755
1210,9,35.554732522388896
1211,6,48.248751807158
1212,4,40.358236019019806
1213,0,45.579017328456466
1214,6,49.57300664916699
1215,5,67.827910956181
1216,6,58.32968970464258
1217,1,50.56867021674435
1218,4,62.01820746404759
1219,7,40.71751807835008
1220,6,71.35432305639277
1221,5,72.15979912949443
1222,5,52.40775151576196
1223,0,65.52097940827609
1224,0,53.02195229052392
1225,6,63.6672359865982
1226,2,62.31559688320609
1227,5,63.344837849884584
1228,4,43.57316529193989
1229,2,59.373780715846294
1230,5,56.88659565134099
1231,2,57.106081752231695
1232,7,42.16170470297698
1233,6,35.33854240116206
1234,8,58.2767640482838
1235,4,46.56153111895372
1236,0,36.661157007014125
1237,9,49.885825837672314
1238,7,61.91986162452471
1239,1,62.67650115621155
1240,5,34.15912450126454
1241,0,48.375541624536034
1242,5,42.87893372856836
1243,3,43.23729923889281
1244,4,60.02947577330232
1245,9,69.12146052352784
1246,6,52.363347187700526
1247,5,46.16282793753757
1248,0,52.96795090446654
1249,8,48.468584515637254
1250,5,36.45141929597299
1251,5,62.97470259344335
1252,8,58.012950307477965
1253,9,38.82843971906136
1254,4,34.66639417751425
1255,5,56.285011290431164
1256,5,45.61931370591824
1257,6,57.38555452401636
1258,8,65.57194180447296
1259,4,50.49299296312463
1260,4,55.07964000027512
1261,3,34.30127329062216
1262,9,36.03758838772551
1263,3,62.83817296133493
1264,7,42.570739294792354
1265,1,49.403977249806765
1266,9,55.70126338913565
1267,7,40.41727711796814
1268,1,36.25533491305756
1269,0,52.40435178616995
1270,9,46.99619032861356
1271,8,30.566012933367492
1272,7,72.86474359631038
1273,5,45.55485438795132
1274,3,27.686327197787026
1275,1,51.266385021810166
1276,7,54.02952077331573
1277,2,55.58935120119322
1278,9,47.05486623229996
1279,3,28.765433175487082
1280,4,53.71359689610694
1281,3,32.215299089149305
1282,7,57.065259948489796
1283,8,42.86416120299116
1284,0,32.90893579931595
1285,1,61.94141165164915
1286,3,70.83937453440576
1287,0,55.49519090769097
1288,5,57.33897510674696
1289,4,30.912017248479014
1290,6,41.004314101713554
1291,5,30.012546241212192
1292,2,44.76726637082275
1293,4,52.7151753967002
1294,2,59.995462116237405
1295,8,24.7439355228924
1296,1,62.697897765754284
1297,5,49.04768168025866
1298,8,41.802285961936406
1299,9,67.22772695883033
1300,6,58.16839259193084
1301,4,61.30669373537197
1302,1,43.5201134745637
1303,1,30.21055324764505
1304,3,37.655623083823045
1305,9,70.15843299501677
1306,1,57.678265519223224
1307,7,46.86781665908118
1308,9,49.05294508971272
1309,6,37.604982594565925
1310,6,54.34043080542473
1311,2,61.379422466555766
1312,6,43.96543268573303
1313,7,51.56560417878778
1314,4,45.09622151022308
1315,0,43.23768759645096
1316,0,59.06069960008439
1317,3,54.5843595399531
1318,1,54.1758917062675
1319,6,73.02835607690113
1320,2,67.81095502302836
1321,3,54.85361833165041
1322,8,34.393914172945756
1323,1,50.00083740306138
1324,7,60.971544792778474
1325,0,42.6610942341073
1326,2,46.06548223628435
1327,3,45.37429541184457
1328,5,46.66470024470921
1329,0,42.290545681993976
1330,7,42.98084537835966
1331,1,30.131842016428646
1332,4,43.76870270306637
1333,5,19.154199168350136
1334,7,50.51343622921426
1335,2,61.6871609756784
1336,8,64.65867300086713
1337,4,41.08270254837976
1338,7,53.5357916028005
1339,3,32.753672093195945
1340,8,64.77792278022308
1341,7,52.223432850517646
1342,4,55.00001768092747
1343,2,58.85065275134432
1344,0,42.124100804584884
1345,4,65.6685286769526
1346,4,18.51541662340107
1347,3,60.873693948838756
1348,9,58.63053142870888
1349,9,55.41678486561709
1350,7,31.66424450835364
1351,2,55.134946052029875
1352,9,69.9024431841548
1353,8,49.85332184089423
1354,2,37.83624435083103
1355,3,57.91456823519717
1356,5,58.21047085163714
1357,8,81.7792600265618
1358,9,47.035430319095255
1359,1,49.11256457935322
1360,1,42.0165932799871
1361,1,21.539113373098218
1362,4,46.93457147239959
1363,5,75.15259244370084
1364,2,59.15117170631348
1365,2,43.02228033093978
1366,1,40.50399673173031
1367,5,35.545420398872295
1368,0,20.289874513372215
1369,8,40.647775377715405
1370,9,35.85113335909813
1371,3,65.83527743321092
1372,1,47.953647520736254
1373,5,38.59917600386793
1374,4,52.63426095173331
1375,2,67.5638002063173
1376,2,40.76764168436263
1377,4,55.63979945289662
1378,3,24.570347158037396
1379,4,28.401350223739758
1380,1,38.9883530698401
1381,0,53.296807248875986
1382,4,51.13022887082038
1383,0,40.60820087590769
1384,2,46.835440503393215
1385,7,78.87955628246779
1386,7,54.37231174492639
1387,8,30.58057553673455
1388,0,47.404628673061254
1389,3,52.36541811966477
1390,5,68.16271813023715
1391,6,32.25279954307022
1392,4,58.001537014581075
1393,6,47.676182839707884
1394,9,33.73934368005144
1395,7,60.1832326897533
1396,9,49.671931014342555
1397,5,60.00111298081864
1398,3,39.26807690342024
1399,0,54.10849943584288
1400,4,43.54571384681978
1401,9,33.19473640729056
1402,9,36.11383127890462
1403,9,58.37570043663288
1404,3,43.51685350851451
1405,4,75.13778515030575
1406,3,49.66790786544716
1407,8,44.86358088367708
1408,2,67.80531409067626
1409,2,53.7336208081779
1410,9,35.9620554010118
1411,6,61.68221729038479
1412,1,27.89551833922726
1413,8,39.54267554500257
1414,7,71.15115709614349
1415,5,42.04162932044233
1416,8,41.36870395674952
1417,2,41.178059802351626
1418,3,57.05974931215984
1419,6,54.19179897799239
1420,0,59.31594027734627
1421,0,49.62589811691364
1422,0,49.64885929249945
1423,7,53.28569736390594
1424,5,44.60855650776806
1425,2,47.12008247802564
1426,9,43.161702180551835
1427,6,47.328636586476605
1428,5,45.763546473758105
1429,4,52.80402865601322
1430,2,54.37810716536694
1431,3,32.88314232156896
1432,0,68.85353133685744
1433,8,78.60101367020386
1434,4,56.25502606750861
1435,1,56.94220480209441
1436,8,68.35695529369077
1437,6,57.37853278267496
1438,7,56.65576443253247
1439,2,46.39603288807088
1440,6,61.112025635700284
1441,0,36.00774628134169
1442,5,37.98484865374459
1443,9,61.963847222928514
1444,5,49.10067662996489
1445,9,38.90152165779273
1446,5,46.370574525921164
1447,2,44.06900541598462
1448,5,64.36177926017118
1449,2,44.53285595671716
1450,9,74.21095383600385
1451,8,61.33186275397998
1452,6,65.93351227080225
1453,3,51.342656978794444
1454,2,48.416341413292116
1455,5,48.818513192356576
1456,8,60.264042613633414
1457,2,54.56066808079181
1458,7,66.57032702256659
1459,5,66.60170058971225
1460,3,54.19284166363987
1461,4,58.81933893958522
1462,2,35.86202763400641
1463,1,31.6995859037895
1464,8,64.94986356832459
1465,2,55.50322700280913
1466,5,63.541069965575936
1467,4,47.8082357370998
1468,9,58.87488592944988
1469,7,32.233997775690135
1470,4,46.7067658980562
1471,7,66.29033943569254
1472,4,38.230782065161165
1473,9,39.784562825494405
1474,5,39.153781270743345
1475,4,53.741975666128425
1476,1,48.88915489231102
1477,9,57.72554231538493
1478,9,41.6881213101884
1479,5,62.459470335534775
1480,6,46.24357455237473
1481,2,73.14014302188086
1482,2,61.39728436685371
1483,6,65.14812849809732
1484,9,44.37259300548981
1485,3,81.62177230760533
1486,1,53.25654455092119
1487,8,62.52824697257813
1488,8,52.57569870525902
1489,5,56.900256605764156
1490,1,60.29306863355757
1491,2,28.399102444649266
1492,4,57.82393423586862
1493,4,45.25629949775933
1494,8,47.68609687323838
1495,9,55.08775623777975
1496,2,34.18216465008254
1497,1,59.161837882491156
1498,9,55.474016328104916
1499,7,75.93353263193072
1500,6,57.2408683726
1501,8,49.96727202196685
1502,2,65.14013088166577
1503,5,46.26148322500316
1504,4,49.268728825693856
1505,4,41.107678087416886
1506,9,22.97933854964468
1507,7,53.892439928821524
1508,0,55.10757623791185
1509,0,44.83876846705972
1510,2,56.11448343167109
1511,1,39.520037206084346
1512,1,63.287841048908554
1513,1,40.60799222743168
1514,3,61.60885931154914
1515,0,63.62389705399926
1516,9,48.02122762342702
1517,8,51.01134224583031
1518,4,58.32488875900437
1519,4,58.92766641326374
1520,8,35.53817079489749
1521,4,50.423750495893685
1522,7,47.858087295579836
1523,0,41.99797781129234
1524,0,35.995648709320456
1525,3,46.79437741377146
1526,7,58.88169649751192
1527,2,34.38875485790673
1528,0,66.04226735386553
1529,8,52.31595348674166
1530,8,35.76478653528677
1531,8,48.22769279424124
1532,8,59.688642142234535
1533,1,45.353854282268344
1534,3,37.06957396320416
1535,1,48.74603475084901
1536,6,54.34057783590597
1537,2,41.86396832252788
1538,8,58.879956355086925
1539,6,53.951184656700015
1540,7,37.903073463182196
1541,8,50.166058983752315
1542,7,43.957535066525
1543,6,26.26428801438645
1544,8,60.143671124825815
1545,0,36.64970151140395
1546,3,46.298120104506104
1547,3,39.855230169291104
1548,4,36.370307731793325
1549,7,44.24937390426717
1550,9,64.41461908671758
1551,0,56.493638293197264
1552,5,37.331751341712206
1553,8,40.0500410540863
1554,9,39.0220521095516
1555,7,62.81709984417466
1556,1,69.17878942954194
1557,6,57.89854423295845
1558,4,43.395969757269675
1559,1,57.68249469511023
1560,0,46.509573774247734
1561,1,51.43211743253837
1562,9,37.703236529021254
1563,5,29.98120320155724
1564,7,60.1926854840972
1565,2,52.340621196291835
1566,4,50.78660009936039
1567,1,35.29137693059113
1568,7,43.42836371925515
1569,3,71.68912673390437
1570,9,48.88665647322064
1571,5,76.20432434171708
1572,2,61.799182352350044
1573,7,40.095174449241924
1574,7,60.497843817498264
1575,2,60.92889273471398
1576,8,60.52575516382163
1577,9,39.0944622689618
1578,4,47.956234093085556
1579,9,44.98646728236782
1580,8,57.044935863315146
1581,6,69.42368123531737
1582,9,27.306185263698417
1583,2,59.82196621718596
1584,5,43.69050454162646
1585,9,54.71363909180925
1586,1,41.238275627260435
1587,5,36.47248783296631
1588,4,62.5658146060851
1589,2,36.43023924115379
1590,6,34.08541902291758
1591,3,51.78754837797054
1592,5,56.840992205656846
1593,8,39.13037408942295
1594,5,48.97559812752357
1595,3,55.533719055684635
1596,9,65.77179667768827
1597,1,37.573991552047886
1598,8,54.42565194248436
1599,3,66.14741319504319
1600,3,41.968834088332294
1601,1,41.930483024014656
1602,4,60.84183292885247
1603,5,46.349263251413646
1604,9,52.07943625801006
1605,5,44.35690698160315
1606,2,51.119742114497555
1607,8,44.55969515468852
1608,6,30.99916279679238
1609,2,68.35101037399185
1610,3,46.860284701368315
1611,6,34.11902297941319
1612,7,28.980575890211107
1613,5,47.589308537729195
1614,3,52.83623433565398
1615,1,31.87073446437754
1616,9,67.40186570126214
1617,7,71.24579859733407
1618,0,54.58046252014338
1619,8,47.71044277755546
1620,7,72.60916441372518
1621,2,53.17234015898159
1622,9,62.83380014549815
1623,3,57.53582250101047
1624,9,62.63206049276546
1625,3,29.62923844029191
1626,1,47.765832616766744
1627,9,46.881419488525154
1628,4,46.782523567822444
1629,2,51.78668725164184
1630,0,48.909678760608884
1631,1,43.529096239197756
1632,6,37.822498069644055
1633,0,44.578898183344215
1634,1,56.51533805179715
1635,9,40.30275636408808
1636,6,47.1896492762868
1637,0,70.77620526270846
1638,6,52.67322084906151
1639,7,44.26552555157294
1640,1,44.72925993519068
1641,3,40.52374419804406
1642,6,40.41104675384133
1643,0,53.739044052665776
1644,5,68.89539258015121
1645,4,53.55619607385965
1646,5,71.32101397454731
1647,7,37.03045231225002
1648,0,55.07517913075999
1649,2,27.341224291954706
1650,8,26.44180206562059
1651,7,63.31500897336998
1652,3,26.41951238010389
1653,9,67.03258324086305
1654,8,48.01794880415738
1655,6,28.084298145415477
1656,1,31.888001366978585
1657,0,62.03353880144288
1658,0,62.818147058098496
1659,2,50.827953136789205
1660,9,57.67747835090425
1661,1,43.60296137648012
1662,3,51.5146208519604
1663,7,31.996909163230598
1664,4,53.0391291353891
1665,4,59.233841707254506
1666,5,51.18802521363507
1667,4,37.196968311228424
1668,4,46.31910647610287
1669,6,44.68204148223025
1670,5,49.89409406944643
1671,9,38.124628922625064
1672,1,45.68468354826611
1673,0,43.28822721148068
1674,0,46.94770280073342
1675,3,51.1937332070973
1676,1,56.71782595975174
1677,5,48.53204865902628
1678,8,43.37344949937803
1679,9,47.991468747508556
1680,9,63.129738475973774
1681,7,44.13132767031421
1682,3,59.43766381163177
1683,1,46.38197532104982
1684,0,47.79042201222594
1685,6,44.9702375289153
1686,9,36.63915102552298
1687,2,33.510224372875875
1688,5,44.43469424820339
1689,4,56.37261550121756
1690,4,42.550803468872985
1691,1,56.00872469228172
1692,8,41.42166904356646
1693,3,41.96855421441963
1694,9,49.84693533962432
1695,0,43.849764660212706
1696,1,62.9171764760793
1697,8,46.86611048618568
1698,6,66.64546649281692
1699,9,52.79299195576515
1700,1,36.77041503900273
1701,6,57.59318717754033
1702,3,29.158351494059715
1703,9,33.64624684166379
1704,1,47.474584716243115
1705,3,62.17597961649991
1706,4,68.6069960636975
1707,3,48.45009732504504
1708,2,42.831038329254476
1709,5,64.98670171862427
1710,0,48.038430518926845
1711,7,54.698829042180805
1712,4,39.851377369250976
1713,7,43.99266699430608
1714,9,68.23293466791247
1715,3,62.522029568318324
1716,3,57.30410824678205
1717,4,48.14420105980078
1718,4,48.75522214992578
1719,5,52.98687875361116
1720,4,62.39868357903218
1721,4,52.71926694283145
1722,7,48.445973667596114
1723,5,58.732642586479464
1724,1,51.6402083854788
1725,3,76.44916214715039
1726,3,30.33551039710541
1727,4,57.96404971047178
1728,5,62.62508819024922
1729,4,52.614345079638944
1730,5,40.56465779417651
1731,7,50.90775678686734
1732,3,51.242664350658465
1733,2,43.73096113660246
1734,8,58.91432305267649
1735,2,59.4670464655211
1736,7,51.73981979444914
1737,9,67.65825216968241
1738,4,61.747026553082186
1739,8,66.95561287232623
1740,2,67.5624710344577
1741,9,28.58880444639506
1742,9,46.64164675805914
1743,7,39.21346722534056
1744,6,55.644154508068
1745,6,46.78739999435555
1746,9,68.33808100181834
1747,8,49.883728399990005
1748,7,64.75912574493489
1749,2,46.93987294520146
1750,5,78.85690535829983
1751,5,47.022360415527345
1752,4,51.93213155381928
1753,2,56.93800045749809
1754,8,51.10067135926039
1755,6,45.14879420363362
1756,3,36.25349882557333
1757,5,55.09134036914357
1758,4,57.92508269050908
1759,0,32.630076012797545
1760,1,30.710016530939082
1761,0,48.51689896256674
1762,8,68.27430332670744
1763,8,41.48133683188465
1764,4,39.592310535572956
1765,7,51.11181257417318
1766,9,67.02364728693739
1767,3,65.06608807660868
1768,0,58.811287603365855
1769,3,61.75373504716647
1770,6,81.51912371945453
1771,1,56.46921276277469
1772,1,34.82871818045356
1773,5,32.77520024679444
1774,8,32.70582413481773
1775,2,70.9348354401294
1776,6,42.57998470537728
1777,9,65.34357702371122
1778,8,48.90968012257461
1779,8,51.59379172983927
1780,3,29.136014707506202
1781,1,53.35327694634607
1782,0,46.77462193802
1783,5,42.77575377141694
1784,4,50.09115079291292
1785,5,64.17678900115389
1786,6,63.513834898949064
1787,8,53.96693367581445
1788,9,61.093142751176934
1789,9,54.23128032806456
1790,5,58.36317813866341
1791,5,28.421259887937016
1792,2,50.71144851760154
1793,7,61.060069068057196
1794,8,56.88800435797437
1795,0,47.00367881708863
1796,5,44.93132733790957
1797,6,76.01220871239433
1798,7,46.561543193411396
1799,9,33.02278891338201
1800,7,41.618116558029996
1801,6,41.623917898602194
1802,7,37.90788718322338
1803,8,41.28220231314357
1804,9,62.43817648080384
1805,6,39.24364417361153
1806,2,34.1807825693616
1807,8,49.94186955202871
1808,0,41.27922137296607
1809,7,60.34218991269545
1810,5,30.06949223221899
1811,2,57.266173084763885
1812,8,61.93212811743992
1813,5,60.61819160398969
1814,6,42.584911802015384
1815,1,59.94118891675052
1816,0,46.82413686684308
1817,0,50.21649823376442
1818,2,45.730412711204195
1819,2,50.69244158278284
1820,7,60.0599732730291
1821,6,63.12198901702014
1822,9,61.1349234557586
1823,7,46.60604380604628
1824,0,54.798611259671446
1825,3,49.08246095529973
1826,7,52.11961310403063
1827,9,65.00883168313452
1828,1,36.43294693805989
1829,6,60.4403992996705
1830,7,29.991596298578997
1831,8,58.36842800687333
1832,6,61.86849634191286
1833,8,31.435491527708077
1834,1,63.56697461961335
1835,0,44.65752885915344
1836,0,50.399475041209385
1837,3,59.290469072718956
1838,0,38.547174266022324
1839,6,77.577982323476
1840,7,56.90063054252653
1841,2,45.755500358877306
1842,0,55.37826996417803
1843,2,46.74951522842029
1844,1,40.24868338296747
1845,5,32.64528861844412
1846,6,51.43269130549045
1847,8,32.560558032987366
1848,4,60.02140419298049
1849,3,46.10988615005633
1850,0,22.931187516432487
1851,5,44.44151741941176
1852,7,74.20231570009489
1853,3,55.831595826228686
1854,0,67.99052661762386
1855,4,26.40202992512835
1856,9,71.75709710107793
1857,4,41.61445854952958
1858,1,24.144800539364745
1859,5,61.13337024500819
1860,9,43.798435362554336
1861,8,53.95845921270037
1862,5,45.345383940940835
1863,7,62.85094920815977
1864,9,61.75409205185921
1865,2,61.48597082696373
1866,9,52.038046980396224
1867,1,46.59005583831542
1868,3,39.111831998842256
1869,8,60.166299423416824
1870,8,57.293992100896595
1871,2,34.57386221211007
1872,0,51.190447826204085
1873,0,49.38243505771272
1874,3,58.449969696001546
1875,3,64.6237017326547
1876,9,49.90995319733171
1877,5,63.856324974293756
1878,4,48.41494426675543
1879,5,56.46885509974852
1880,9,50.601710467032554
1881,6,56.7176064382816
1882,6,65.87605264503861
1883,9,60.31564658943124
1884,9,57.05264134941343
1885,8,76.03925194795428
1886,5,54.597375021141126
1887,7,63.756946317724164
1888,1,42.09131019598178
1889,7,60.86257878925617
1890,8,53.831307923543434
1891,3,53.94539835267561
1892,4,45.54676856930309
1893,4,40.06490114416613
1894,1,61.292992742216725
1895,4,66.41944041042176
1896,8,47.984004017016915
1897,3,52.62057952886532
1898,9,47.480035218380706
1899,2,44.07454387745776
1900,6,58.857382781126965
1901,7,63.87646257934166
1902,9,46.48710909125615
1903,5,52.51479371213769
1904,5,24.245097862217634
1905,4,39.223850094572995
1906,5,52.74753673087661
1907,8,52.72899428539907
1908,1,54.39882388800926
1909,9,53.704550724544795
1910,2,45.10056741124104
1911,0,30.82194631019321
1912,3,39.04328326419523
1913,1,40.65323062574198
1914,5,67.35349566566236
1915,0,59.36909811696071
1916,7,59.77012152601504
1917,9,56.16208352231023
1918,5,56.059966618029044
1919,8,55.15407263614175
1920,5,60.180792121828084
1921,9,41.50529039331533
1922,6,69.71229297909713
1923,4,29.161041451597562
1924,7,54.48995362210785
1925,7,28.858204948057903
1926,9,57.22767365549076
1927,8,62.91776059954897
1928,5,55.071222379905635
1929,0,40.03512404389235
1930,8,53.477390282305414
1931,2,39.62324091251937
1932,8,46.6354795592421
1933,6,55.5442018018128
1934,2,52.48516317546882
1935,8,48.65078122077636
1936,6,48.3597321844575
1937,6,48.83755304786777
1938,6,61.16156761101985
1939,1,47.89533533278685
1940,3,37.30316027843159
1941,9,61.052231757388675
1942,7,54.27477124060914
1943,1,45.74331759914435
1944,3,38.10510180561133
1945,9,49.641069321421774
1946,7,66.08330989391727
1947,2,53.90158411872178
1948,5,43.31119293420079
1949,1,36.36149592907882
1950,7,46.33868641685142
1951,7,34.30640496903719
1952,0,45.44265602012958
1953,2,51.370125328252726
1954,1,52.9237057049182
1955,6,52.22990001211804
1956,6,43.97033073046978
1957,3,40.897591354712354
1958,7,36.40805340757543
1959,2,63.289913306189796
1960,8,36.058220298472925
1961,4,79.76705281669135
1962,1,57.982013987146395
1963,8,36.089564582074814
1964,0,53.9081831330803
1965,7,58.40038698652159
1966,5,39.021445307805294
1967,0,46.357426720517594
1968,3,40.19852544627798
1969,2,52.83002619361367
1970,6,60.825964790715645
1971,6,39.1501002122606
1972,5,59.87339387819307
1973,9,56.30565381593981
1974,9,44.31809801529643
1975,7,54.59912572555077
1976,6,71.71049938107367
1977,3,49.60662999102731
1978,6,54.9629069679623
1979,0,48.60134654607253
1980,2,56.794024325625095
1981,1,46.222892565812394
1982,6,50.900114946611765
1983,8,23.614325968467455
1984,4,45.56280364505654
1985,8,42.98108999705224
1986,7,36.59569278668805
1987,0,38.41654372190841
1988,1,59.63162321814567
1989,5,64.75842562285332
1990,4,36.825051497229076
1991,6,69.35124606051347
1992,8,61.61685515597105
1993,3,23.832489231102635
1994,7,60.44058926358961
1995,3,34.75752884198009
1996,2,69.15936084995133
1997,1,54.04682119330636
1998,7,48.85073365855323
1999,7,47.79937421445197
2000,2,47.282525677497226
2001,0,38.556068164695006
2002,5,39.36038817628991
2003,4,57.489290646671996
2004,7,85.04492198261492
2005,5,53.98755356989615
2006,3,59.62593570629239
2007,9,44.930146578971026
2008,9,47.59013465556214
2009,1,47.70120135145462
2010,7,58.37710700069354
2011,4,53.02158667023603
2012,7,42.85235436892509
2013,4,44.71095172165556
2014,5,39.623943132706586
2015,9,25.467265928968658
2016,4,69.62327925177703
2017,2,49.109166872613066
2018,9,69.78082649285251
2019,7,80.15849071796056
2020,2,29.9397672989831
2021,3,50.972217056155436
2022,5,37.812958440788485
2023,1,56.065286638485055
2024,6,45.55975565049177
2025,4,60.103711941406836
2026,9,42.5408957402708
2027,4,44.7337394795969
2028,4,65.63239159024073
2029,1,20.501287217548967
2030,9,51.96682576761494
2031,8,47.70846105617543
2032,2,61.998353645223716
2033,6,45.736627436243715
2034,4,59.22126846711051
2035,9,44.79998679383024
2036,9,34.12795992823642
2037,4,41.09230267174669
2038,3,37.933739924912665
2039,9,55.5284809557157
2040,5,64.46765178360411
2041,6,41.22769228266649
2042,6,49.72880568660729
2043,7,48.99135101162299
2044,4,52.51347785580647
2045,6,71.0532751817592
2046,3,45.304488292128184
2047,8,54.42529498069284
2048,4,49.62291907532032
2049,2,38.990123823941936
2050,4,64.15509199237258
2051,8,44.95163271180613
2052,7,44.92853349202635
2053,0,47.75013816084751
2054,4,52.02750034861694
2055,5,62.62284382295461
2056,9,45.496677263073835
2057,1,57.43185826505329
2058,5,36.00388737513112
2059,8,55.81819921666978
2060,3,39.28988232518431
2061,2,42.1201785546206
2062,8,37.356706500502376
2063,1,46.85260749664262
2064,8,49.83882215930699
2065,9,58.72805167015931
2066,1,52.06222932365038
2067,9,50.92456958502265
2068,2,60.4697763840665
2069,6,39.61683439411132
2070,1,53.784317302920556
2071,0,47.979144401510545
2072,8,52.55103346760672
2073,5,34.03172506637698
2074,8,39.08533963723027
2075,2,70.64824018088053
2076,2,58.87100893084934
2077,9,54.21439402662062
2078,2,59.48385390171189
2079,1,63.233072422127854
2080,5,61.100392106108195
2081,2,36.919882258356644
2082,4,64.14502821680212
2083,4,27.321211405789487
2084,9,49.67561200921591
2085,2,54.35293365820599
2086,2,65.21631904041973
2087,0,49.325891160859435
2088,5,42.959833513363165
2089,2,56.655039573543945
2090,0,64.92994049537482
2091,9,54.73430050016699
2092,8,33.98457851006515
2093,0,67.14874576373498
2094,4,57.558982808015635
2095,4,34.92635316648307
2096,1,55.053328985458684
2097,0,65.68129244531303
2098,5,70.1421325662694
2099,6,56.9458800517045
2100,8,55.704174823038144
2101,7,52.10171645270576
2102,9,32.475888171370386
2103,2,49.415166168927946
2104,8,56.74502771298191
2105,0,56.07636778002295
2106,5,56.108158691486565
2107,9,61.77657336635025
2108,1,56.741277628984456
2109,9,36.489628303645674
2110,8,33.58103327622935
2111,8,21.18829640699093
2112,7,42.603958960505395
2113,6,50.962057734918254
2114,5,50.54970068540921
2115,1,60.387966899517764
2116,3,47.087574559048726
2117,9,50.13130137140096
2118,6,61.987542745119164
2119,5,42.17502583614485
2120,8,31.40759593769129
2121,4,45.34418482843456
2122,5,46.84712500550477
2123,9,37.766216317577125
2124,5,41.08764414122832
2125,7,33.353819803023654
2126,7,65.27745881582446
2127,5,30.83886473773229
2128,7,58.40240123371596
2129,6,46.789048348553955
2130,0,13.89452148614139
2131,4,36.931969504555
2132,9,30.686948219049242
2133,9,33.70345699400936
2134,9,47.77023774998362
2135,4,38.21365383473124
2136,9,35.028092035474465
2137,8,52.891094381404905
2138,6,56.170690951192626
2139,6,42.7548983876411
2140,9,58.81020893639718
2141,1,64.4987206332698
2142,7,32.37106849261998
2143,2,58.1727472244414
2144,8,47.776733389876355
2145,5,48.746361829140575
2146,8,55.862431862199315
2147,8,57.80877446081033
2148,6,63.440376080447656
2149,9,61.77233747174723
2150,7,45.61947558130319
2151,1,42.91898004101358
2152,4,45.9091645041417
2153,2,44.79737864362476
2154,0,38.16732740388598
2155,5,44.19731245283431
2156,8,58.19960501099122
2157,1,66.28439621869401
2158,8,54.77571470189867
2159,7,23.194152088633146
2160,8,47.01727458832124
2161,4,67.41957098835802
2162,1,32.35760841239271
2163,9,63.862141298853516
2164,9,34.97388944145697
2165,5,43.98374304224133
2166,6,50.33783605619638
2167,2,37.820054784821664
2168,5,65.91132457854951
2169,5,52.640034162469775
2170,7,69.74729888191649
2171,0,52.16261440775085
2172,3,48.71017623041523
2173,0,54.179149727597675
2174,7,20.54198436043784
2175,1,51.76716198824825
2176,7,43.44907531838834
2177,2,56.85075763578226
2178,7,39.41803762952751
2179,5,26.34849751925844
2180,0,46.2555597578739
2181,6,50.30739805372356
2182,6,63.103893137552056
2183,5,47.147149031779506
2184,0,43.33040685733183
2185,4,64.10592295569472
2186,0,57.164332312161946
2187,0,71.21919568697254
2188,5,38.243128870090295
2189,7,55.44586150260077
2190,0,34.85203339115264
2191,1,69.81295057242993
2192,4,46.55878418902407
2193,7,49.28878693834855
2194,3,31.486060190303267
2195,4,49.416307608985264
2196,9,35.35847529611786
2197,4,67.77952598011835
2198,2,49.26716579281411
2199,5,67.11504601771199
2200,4,43.19399405362198
2201,1,34.52279423478382
2202,9,70.88369330938255
2203,3,58.77006268354115
2204,3,42.41651895232169
2205,6,56.58201703257455
2206,6,42.17593425864401
2207,8,61.96870884442913
2208,9,51.39927057596565
2209,1,38.10778708075299
2210,5,42.23789537330023
2211,1,65.36937222208056
2212,8,50.90053354372206
2213,1,42.262242142293616
2214,5,31.217847254916652
2215,7,53.85161139669295
2216,5,31.765580457311867
2217,2,57.00530555964828
2218,4,58.4842348412092
2219,3,61.866074030059494
2220,0,64.00760217878702
2221,4,75.54494283383647
2222,9,57.23547165477106
2223,4,53.183323287374996
2224,6,46.6293593969547
2225,6,52.481899541023594
2226,1,42.58104141596806
2227,3,42.01898006979404
2228,0,36.308258780442024
2229,4,36.61815893327855
2230,4,65.68482788073551
2231,3,61.231668837431855
2232,9,40.61080653457327
2233,6,43.00291982469671
2234,5,62.92569675198063
2235,9,49.47501032148128
2236,2,50.14823153942625
2237,1,49.45923858575731
2238,3,48.70327028592245
2239,8,70.25293928613569
2240,9,61.17556331372447
2241,4,28.088760671048234
2242,0,48.82621535432858
2243,2,38.52478947105797
2244,8,52.16808533230347
2245,6,44.33365230432799
2246,2,36.64332851134233
2247,0,40.16384934478123
2248,3,47.6301280132523
2249,8,67.19022700008951
2250,6,39.995538778976666
2251,4,77.2607349071683
2252,5,63.75190530337424
2253,0,47.4655388321696
2254,6,33.12879083847489
2255,4,45.91904281829529
2256,6,53.54873650876005
2257,4,50.924290611815856
2258,4,25.142641128244936
2259,2,46.40256763145229
2260,4,75.81271130350741
2261,7,46.68896685565344
2262,7,46.2112019456569
2263,1,33.33195103735602
2264,0,68.95900554116152
2265,1,46.556625291143725
2266,6,56.21256913374284
2267,2,31.335709718414012
2268,7,63.688766382147875
2269,3,66.98421384567405
2270,9,46.06717980567063
2271,9,55.24419231636335
2272,7,63.74872717869275
2273,1,50.37492890333325
2274,4,48.44749082226539
2275,5,48.50620074667765
2276,0,46.863330438651104
2277,0,55.87012466173963
2278,8,64.98806901121245
2279,4,54.91547097456729
2280,3,44.614847263627695
2281,0,65.37609252143316
2282,2,55.01244321150249
2283,3,51.71112431717763
2284,4,39.54610006424722
2285,9,51.97398853060252
2286,4,75.89588965133109
2287,9,59.78166980638978
2288,7,48.0090651235824
2289,2,49.07105032473012
2290,6,62.978860408863355
2291,5,32.28852531317756
2292,9,56.640153393173435
2293,9,55.78323299527792
2294,9,40.4143619216892
2295,5,37.71711099332802
2296,9,30.47344572802472
2297,8,64.85530077343947
2298,6,56.94744629527641
2299,6,47.433750221658116
2300,0,50.22417014647187
2301,0,51.565267439138154
2302,8,50.43759724552023
2303,8,44.96709437611205
2304,9,55.46398710890358
2305,2,43.64723829179189
2306,7,70.89785749268408
2307,8,47.038426224534824
2308,0,50.4343821129729
2309,2,63.15287880336054
2310,5,52.243303754094484
2311,3,31.622281927213976
2312,7,31.794639066751667
2313,8,61.245526227455294
2314,6,54.56586876421971
2315,0,65.24775672251812
2316,1,53.53022064351231
2317,0,20.253348707016663
2318,8,47.70628487336208
2319,3,40.14821662658382
2320,9,52.472181247474644
2321,7,65.26075428712103
2322,4,52.80200095374441
2323,4,58.715650929424804
2324,4,29.01518647440299
2325,4,58.475973757469745
2326,2,22.038544058959978
2327,5,34.69424892393846
2328,0,23.522948968777136
2329,7,41.60892129044317
2330,3,62.491143865929686
2331,5,65.04798916098639
2332,1,47.08548974277222
2333,1,53.282124585974614
2334,7,45.25389033245919
2335,0,73.13806573502052
2336,7,41.08824070692489
2337,9,35.21006854801083
2338,9,46.06310384553051
2339,0,49.21119448001133
2340,8,43.83713631642821
2341,0,49.498298111706305
2342,3,41.08963119088631
2343,8,54.9339516606299
2344,0,62.96154409482485
2345,8,70.05409293149073
2346,7,52.216361064680406
2347,4,50.43652386803048
2348,5,54.199136182904425
2349,4,49.085001524055166
2350,3,69.2506955576684
2351,9,69.75177372009264
2352,3,39.975241205201506
2353,9,47.621499020094134
2354,7,67.26998377666592
2355,7,50.841429149646224
2356,8,50.27658724212901
2357,2,34.68548398704892
2358,9,60.072393711170214
2359,7,60.489536991268814
2360,2,62.588877359433134
2361,1,62.08370502935622
2362,1,67.21034621542024
2363,8,62.308314515340335
2364,3,47.62483083107337
2365,4,51.85960576247598
2366,1,64.73528689818647
2367,8,46.128492693654685
2368,6,56.66495774589788
2369,2,39.85879739550026
2370,5,69.78298014143154
2371,6,58.73550106960671
2372,5,55.767390328258635
2373,9,45.03365718510866
2374,9,55.33619344376047
2375,5,39.027031091714434
2376,7,43.39308135248665
2377,7,56.52759352523944
2378,4,36.800044508616196
2379,3,56.14638420118621
2380,4,64.90506384924677
2381,8,55.916005158968474
2382,9,53.62395005840671
2383,5,57.57779865979503
2384,2,59.4776674259622
2385,2,51.793774948400525
2386,0,31.454859260179795
2387,4,51.8280788795381
2388,5,74.51715967532752
2389,7,57.82839552298646
2390,8,47.70242956317652
2391,6,65.15578210883969
2392,0,57.91835560850055
2393,6,76.79011734300693
2394,9,55.53042344204467
2395,8,55.151049450893744
2396,3,45.09592795139258
2397,6,50.63398379314913
2398,8,56.55593793780477
2399,0,56.9870330024322
2400,9,39.51906449094089
2401,8,30.390829062510367
2402,3,70.70816228707443
2403,7,50.22683142439924
2404,2,48.65547887659091
2405,1,68.36871136285913
2406,7,27.357883837627217
2407,7,41.48496202187001
2408,2,67.61616485236001
2409,7,53.15439777682304
2410,5,60.46601429776263
2411,9,31.20191860859938
2412,8,64.93895343924595
2413,9,36.2282150987606
2414,5,67.37938907187016
2415,7,64.56302738508187
2416,1,42.7219881869542
2417,0,82.24472236059553
2418,9,61.35159460855203
2419,9,75.73570489537477
2420,1,68.74745196440607
2421,3,48.61861747479556
2422,9,47.26878234711789
2423,8,54.66611716040304
2424,6,56.86639046734713
2425,8,34.69425589233186
2426,8,54.953530872967036
2427,8,44.69474479197204
2428,7,66.86147041078415
2429,5,65.57105889205589
2430,9,58.270161242688424
2431,6,50.64055772976306
2432,1,54.46067671264003
2433,0,54.01952800911155
2434,4,43.34378048391414
2435,7,65.8092706458362
2436,2,26.5079088411397
2437,6,51.84193867754924
2438,4,51.71617457123773
2439,9,41.632514749061926
2440,7,30.838417836383954
2441,5,52.836772266061935
2442,5,34.86705910676356
2443,6,50.461947156797514
2444,6,75.77103996744822
2445,3,32.439069670599594
2446,9,19.831950642929527
2447,9,39.55212169951867
2448,9,68.12315980747567
2449,7,49.85562681772167
2450,5,54.39954973219717
2451,7,42.60139355018552
2452,6,61.95732572488563
2453,0,35.401664866432974
2454,3,57.89743690666188
2455,6,48.65673251855272
2456,8,45.800227899139465
2457,1,58.10036160583126
2458,4,62.34255003006398
2459,8,47.810331963723414
2460,8,56.601286559381
2461,5,53.916277536586435
2462,6,19.218679372666887
2463,8,56.651502328759385
2464,9,47.338413864893916
2465,7,57.71043994646051
2466,9,53.76062414779644
2467,5,53.56864954181116
2468,5,40.39641969101109
2469,6,35.669004171320324
2470,6,34.01154067801491
2471,1,40.292089907696166
2472,8,34.86671192207909
2473,3,59.92321831439214
2474,9,52.25357032859159
2475,8,53.9865631493453
2476,9,32.281410705691975
2477,2,49.504169912207054
2478,4,52.21113614836038
2479,4,50.37485201968727
2480,6,56.32733806333917
2481,3,34.30329482627661
2482,3,49.56025423589559
2483,0,66.78524689804458
2484,5,62.06907986362208
2485,3,48.56918699473977
2486,9,49.72981765522916
2487,9,46.8551905546726
2488,4,51.77163030595854
2489,8,77.77068566905639
2490,3,50.93966262136532
2491,0,41.14256422499946
2492,8,26.123901322912303
2493,4,57.44796184026604
2494,9,50.74362856824565
2495,6,50.59574815594045
2496,2,65.54236987895857
2497,3,47.17397075883815
2498,9,58.44491822002058
2499,8,55.25063859132585
2500,9,37.90095315926265
2501,0,65.38851014890483
2502,4,55.65839521895409
2503,7,59.30215814684684
2504,9,56.97489767281767
2505,6,46.945390851119086
2506,3,55.73511061951567
2507,6,42.144334626808714
2508,0,60.5516780637592
2509,5,68.52608601043467
2510,8,71.53533882515333
2511,2,56.85183579688044
2512,3,44.03362156083146
2513,7,41.70863305281725
2514,4,55.49482167698313
2515,4,46.051200816419694
2516,0,49.795989610905714
2517,5,40.23394372472382
2518,1,66.17112178485218
2519,0,54.18146496494282
2520,5,61.42966355037911
2521,4,63.05933611897957
2522,4,53.2156343265702
2523,8,35.914223376216235
2524,9,57.6694254322038
2525,9,73.36993400513818
2526,2,40.126923270795636
2527,0,50.32951903572813
2528,7,40.89954742071027
2529,4,58.01886286211578
2530,4,56.53503963713966
2531,7,49.536595870955665
2532,7,30.5795005805048
2533,1,48.70465049868926
2534,2,58.422699768965025
2535,9,58.41406326900046
2536,9,68.12074775272386
2537,0,39.07164792884015
2538,2,52.24588472105235
2539,3,37.585196134457874
2540,6,23.061178525289176
2541,8,45.554848552320834
2542,4,64.28405494425164
2543,0,63.338453806876785
2544,1,44.43408275457203
2545,9,40.052119731361756
2546,1,73.60469939903992
2547,8,46.39667671639258
2548,9,37.255942736484954
2549,6,42.00443495573076
2550,1,55.369935460848254
2551,0,50.07236062561846
2552,4,35.70359359309666
2553,0,29.21052363189322
2554,8,44.64573483355625
2555,2,45.44139744825904
2556,1,50.857589195931
2557,5,52.844687512138044
2558,2,61.32445908414279
2559,4,28.836833935189876
2560,9,82.97191220405435
2561,7,56.6223215250973
2562,9,33.7524835041423
2563,1,67.27350903013387
2564,4,33.162881893428995
2565,7,36.19794562565882
2566,0,54.31104556261989
2567,9,51.3904789587253
2568,9,47.55284945189417
2569,3,41.932975577394856
2570,4,54.954115961466385
2571,9,57.73547581780525
2572,2,52.974359571371195
2573,1,56.61310678039383
2574,2,31.9327290772543
2575,4,35.51781849055614
2576,6,43.28590542134974
2577,1,41.012171771778895
2578,6,56.000039322115114
2579,5,64.6143951293137
2580,6,59.042167572496616
2581,6,29.753583945432855
2582,8,51.412364578071944
2583,6,52.105843715902886
2584,5,51.336155888931856
2585,9,33.54917705312654
2586,7,46.26370884050786
2587,6,37.050215291596295
2588,5,45.819133076800895
2589,3,40.84369920245533
2590,6,33.414256870486305
2591,7,58.55362430382433
2592,7,48.720987433370524
2593,3,47.04233523676351
2594,9,58.503944825153035
2595,8,39.53032181279952
2596,2,35.81240522982365
2597,8,59.45714507358658
2598,2,38.34881169051951
2599,6,48.61281358165758
2600,3,55.93035502364082
2601,4,76.84406278586181
2602,2,59.033866378155345
2603,1,29.09302319411478
2604,7,47.203533676747604
2605,6,69.37426869086195
2606,6,61.43998888148895
2607,7,63.381582202887955
2608,0,20.09705292312295
2609,7,50.238617182230605
2610,9,59.17363924238445
2611,4,49.021279748519156
2612,7,42.84655487273807
2613,8,87.69165771444035
2614,1,49.31542452057467
2615,2,20.528386089952512
2616,5,48.412782272280516
2617,8,48.02130241091991
2618,9,47.7988270867257
2619,9,43.970552455866006
2620,7,60.699270941155646
2621,5,58.44552063577467
2622,4,45.369509865092766
2623,2,50.87800854848224
2624,3,51.657411022016234
2625,6,53.68580099471172
2626,6,61.63241743059075
2627,2,48.321762137338055
2628,3,49.92976347073004
2629,2,51.08934467116768
2630,1,61.98326140066298
2631,5,30.372588054843742
2632,6,42.93516813685468
2633,3,25.18901612328626
2634,4,55.75346922275518
2635,7,57.04859299499287
2636,8,27.512463101825656
2637,6,46.35136917023033
2638,9,50.86979416944225
2639,0,53.06263957072306
2640,2,26.36727970467025
2641,4,56.64509951267037
2642,2,39.577550149110664
2643,0,51.44139302931402
2644,1,66.59157552521559
2645,7,54.58681528728373
2646,6,46.00267557678512
2647,9,68.57442885022591
2648,2,36.071582081149714
2649,3,52.08162803061695
2650,2,58.736555377875874
2651,3,63.326521088634166
2652,7,46.08546478551629
2653,8,56.79187071169817
2654,6,55.650786402447885
2655,8,49.582576175157776
2656,8,51.90272949407676
2657,6,38.22861170602685
2658,6,45.75344767697617
2659,7,46.51480424980785
2660,9,38.84443332899117
2661,2,61.89963734087146
2662,7,45.192325286895986
2663,0,52.35649911615565
2664,5,51.50169991221535
2665,1,58.35495631188762
2666,6,59.56363140619062
2667,2,20.436809298439705
2668,9,65.39137280742297
2669,4,61.27684581306411
2670,9,53.4941181055738
2671,1,37.69185545068913
2672,0,48.48581368405564
2673,4,66.79873104250743
2674,8,43.642404898564784
2675,8,26.66059473730147
2676,6,35.37786266497632
2677,8,64.04213389538106
2678,3,39.30647136185495
2679,2,55.32947464829691
2680,3,44.735016976530304
2681,6,55.146725426940336
2682,7,45.047501157964916
2683,1,54.44878581832755
2684,4,47.97211288291618
2685,4,43.632458032132924
2686,8,34.76590484311898
2687,2,43.29248781146794
2688,5,56.056396114009
2689,9,50.18978836458484
2690,4,54.29986522346068
2691,1,39.29199538175345
2692,1,44.75194846805427
2693,3,50.61156505168699
2694,3,73.97009588781125
2695,6,69.68620480412459
2696,0,40.93597301930368
2697,5,34.50828765347447
2698,8,53.936650388149175
2699,1,60.46760784619055
2700,4,72.64097354576899
2701,9,55.22518891716679
2702,9,39.04086113167173
2703,3,25.51157129883817
2704,3,30.288265512451574
2705,7,26.16223401965015
2706,5,41.709073493870356
2707,6,30.883785883873788
2708,8,55.94131611387826
2709,2,51.70534062128355
2710,1,50.84216667571236
2711,2,50.36228091401295
2712,7,31.359225022453074
2713,8,80.08942444122118
2714,9,35.84248220379817
2715,4,53.48059158654594
2716,7,46.67059130257971
2717,6,58.56893263197113
2718,8,56.736139695346566
2719,3,50.5995772543113
2720,9,48.70276453482131
2721,2,55.136373790107065
2722,8,78.41271012716388
2723,7,51.731563272750314
2724,6,57.19048970289098
2725,0,66.78962163468206
2726,1,38.61333284976807
2727,8,61.239601539104804
2728,4,32.64056438015155
2729,0,48.32949729925291
2730,8,43.41611667995367
2731,0,23.513118788142343
2732,7,55.4733875304402
2733,4,49.2619328562095
2734,5,46.536381821152624
2735,0,61.804855877639994
2736,1,68.24950412815886
2737,6,23.032980933615708
2738,1,60.44720586892323
2739,4,70.98954567302647
2740,8,60.60983842854629
2741,4,39.61367181277975
2742,2,52.74586604369603
2743,5,41.83415709449627
2744,6,51.63993916392317
2745,9,60.00757896184302
2746,9,58.41762288873272
2747,7,61.27296632669926
2748,2,43.769951413966616
2749,3,56.78045806613883
2750,9,46.343060120145466
2751,3,42.17982356303056
2752,1,26.385299814001968
2753,6,50.41864065349958
2754,3,54.80998629437727
2755,3,33.54639459307507
2756,7,38.88455274137465
2757,5,54.290741888136516
2758,5,54.80800248333401
2759,8,52.168998011389064
2760,3,68.44364218395197
2761,8,50.3705154639955
2762,0,57.87824661810487
2763,8,53.22214629659848
2764,0,57.81992499155702
2765,6,40.998323710878154
2766,5,61.27128444835576
2767,6,58.40633047466923
2768,8,45.574433142306916
2769,9,42.30056921614973
2770,3,56.21981917301717
2771,8,56.40330505649804
2772,2,54.28953044472955
2773,9,52.84418461958457
2774,8,54.940078936409385
2775,0,44.5403466558328
2776,4,37.92783756462004
2777,9,65.74226394208668
2778,4,53.68362233844637
2779,0,41.470668077682824
2780,0,51.31289736142395
2781,2,43.49350142290767
2782,8,36.96936529503561
2783,6,33.114636867289
2784,5,58.867551695065565
2785,8,61.68622418352783
2786,3,45.57833691120953
2787,3,44.488889817470785
2788,2,47.36025819538497
2789,4,53.00654539062365
2790,4,56.38845497150897
2791,9,51.28166575387188
2792,6,25.292444353025395
2793,6,23.156039146982877
2794,5,46.70962379757058
2795,3,50.589643038992925
2796,6,37.78042108397219
2797,1,28.61551126367133
2798,8,68.8044602985573
2799,6,47.31689538947544
2800,1,49.11006115214267
2801,9,58.23763698209138
2802,1,49.73955948865634
2803,5,56.24164225311543
2804,6,66.81248496233665
2805,8,45.31820291891471
2806,3,61.80405391895288
2807,7,38.99544592934192
2808,9,45.950390739778754
2809,1,42.60121135020909
2810,5,46.066724025242294
2811,3,54.94689629149717
2812,7,63.53381157009189
2813,8,63.30462905357649
2814,1,44.31639112754315
2815,6,51.47244198493962
2816,6,54.33090516880837
2817,7,27.268937081090787
2818,4,55.97001517728106
2819,2,61.81492653747524
2820,0,42.41275426912912
2821,3,40.2035530821987
2822,2,74.74778579966804
2823,1,55.03837425237451
2824,5,62.66624581999538
2825,6,52.60978018502106
2826,9,55.7480383773636
2827,6,34.14458921239842
2828,7,72.34558970679062
2829,1,66.53140108597233
2830,9,58.82144902927392
2831,5,41.59147529564584
2832,5,40.07295372758599
2833,9,40.08584813896488
2834,0,39.869561794398074
2835,1,65.42380300630273
2836,8,34.10470438104241
2837,7,63.52043658966389
2838,3,49.71186709027629
2839,5,42.354400396754095
2840,1,41.233501423867345
2841,4,41.228286399100746
2842,1,54.01846255836755
2843,4,60.674611098326636
2844,6,55.96981531294184
2845,6,40.62487084026331
2846,8,48.00374790024953
2847,2,54.84320961411294
2848,3,58.022061635105935
2849,8,62.618345964850995
2850,7,36.139076284843824
2851,6,61.585576855462506
2852,7,57.51040718477749
2853,8,36.095397273719975
2854,3,70.57020451447622
2855,4,29.05796921193363
2856,8,61.76698379624631
2857,6,40.652917541930336
2858,3,52.54124563858288
2859,5,45.322919787351
2860,0,61.668867594509194
2861,0,49.348867624435414
2862,8,41.32241346742996
2863,7,51.09763741423274
2864,0,23.50964366716937
2865,1,44.9439185950431
2866,3,25.939540921414263
2867,0,45.830508340745475
2868,1,32.984014122095104
2869,4,47.61061321106754
2870,7,70.71539851964744
